PRAGMA foreign_keys = ON;

INSERT OR IGNORE INTO users (id, email, username, first_name, last_name, password_hash) VALUES
('u1','alice@mail.com','alice','Alice','Walker','$2a$10$hash'),
('u2','bob@mail.com','bob','Bob','Stone','$2a$10$hash'),
('u3','carol@mail.com','carol','Carol','White','$2a$10$hash'),
('u4','dave@mail.com','dave','Dave','Brown','$2a$10$hash'),
('u5','eva@mail.com','eva','Eva','Green','$2a$10$hash'),
('u6','frank@mail.com','frank','Frank','Black','$2a$10$hash'),
('u7','grace@mail.com','grace','Grace','Hill','$2a$10$hash'),
('u8','henry@mail.com','henry','Henry','King','$2a$10$hash'),
('u9','ivy@mail.com','ivy','Ivy','Young','$2a$10$hash'),
('u10','jack@mail.com','jack','Jack','Fox','$2a$10$hash');


INSERT OR IGNORE INTO categories (id, name, kind) VALUES
(1,'Classics','genre'),
(2,'Fantasy','genre'),
(3,'Sci-Fi','genre'),
(4,'Non-Fiction','genre'),
(5,'Review','post_type'),
(6,'Discussion','post_type'),
(7,'Analysis','post_type'),
(8,'General','post_type');


INSERT OR IGNORE INTO books (id, title, author, description) VALUES
(1,'1984','George Orwell','Dystopian classic'),
(2,'The Hobbit','J.R.R. Tolkien','Fantasy adventure'),
(3,'Dune','Frank Herbert','Sci-fi epic'),
(4,'Fahrenheit 451','Ray Bradbury','Censorship novel'),
(5,'The Catcher in the Rye','J.D. Salinger','Coming of age'),
(6,'Clean Code','Robert C. Martin','Programming'),
(7,'The Pragmatic Programmer','Andrew Hunt','Programming'),
(8,'Brave New World','Aldous Huxley','Dystopia'),
(9,'Lord of the Rings','J.R.R. Tolkien','Epic fantasy'),
(10,'Animal Farm','George Orwell','Political allegory');


INSERT OR IGNORE INTO posts (id, user_id, title, content, post_type, book_id) VALUES
(1,'u1','Thoughts on 1984','This book feels more relevant every year.','discussion',1),
(2,'u2','The Hobbit review','A timeless fantasy journey.','review',2),
(3,'u3','Dune analysis','Complex worldbuilding and politics.','analysis',3),
(4,'u4','Fahrenheit 451 discussion','Scary vision of censorship.','discussion',4),
(5,'u5','Why I love Catcher in the Rye','A misunderstood classic.','discussion',5),
(6,'u6','Clean Code – still valid?','Some ideas aged well.','analysis',6),
(7,'u7','Pragmatic Programmer tips','Still useful today.','review',7),
(8,'u8','Brave New World vs 1984','Different dystopias.','analysis',8),
(9,'u9','LOTR worldbuilding','Unmatched depth.','discussion',9),
(10,'u10','Animal Farm symbolism','Simple but powerful.','analysis',10),
(11,'u1','Best fantasy books','My top fantasy list.','discussion',2),
(12,'u2','Sci-fi recommendations','Great sci-fi novels.','discussion',3),
(13,'u3','Book clubs','Do you attend book clubs?','discussion',NULL),
(14,'u4','Film adaptations','Books vs movies.','discussion',NULL),
(15,'u5','Reading habits','How often do you read?','discussion',NULL),
(16,'u6','Writing notes','How I take notes while reading.','discussion',NULL),
(17,'u7','Underrated classics','Books people forget.','discussion',1),
(18,'u8','Programming books','Worth reading?','discussion',6),
(19,'u9','Favorite authors','Who inspires you?','discussion',NULL),
(20,'u10','Reading challenges','My yearly goal.','discussion',NULL),
(21,'u1','Orwell themes','Power and control.','analysis',1),
(22,'u2','Middle-earth lore','Deep mythology.','analysis',2),
(23,'u3','Spice in Dune','More than a substance.','analysis',3),
(24,'u4','Firemen symbolism','Role reversal.','analysis',4),
(25,'u5','Holden Caulfield','Love or hate him?','discussion',5),
(26,'u6','Coding philosophy','Clean vs pragmatic.','discussion',6),
(27,'u7','Tech books fatigue','Too many releases.','discussion',7),
(28,'u8','Future societies','Utopia vs dystopia.','analysis',8),
(29,'u9','Epic storytelling','Why long books work.','discussion',9),
(30,'u10','Political satire','Why it matters.','analysis',10);


INSERT OR IGNORE INTO comments (id, post_id, user_id, content) VALUES
(1,1,'u2','Totally agree.'),
(2,1,'u3','Very relevant indeed.'),
(3,2,'u4','Loved that book.'),
(4,3,'u5','Dune is complex but great.'),
(5,3,'u6','Took me time to get into it.'),
(6,4,'u7','Chilling vision.'),
(7,5,'u8','I never liked Holden.'),
(8,5,'u9','I relate to him a lot.'),
(9,6,'u10','Some rules are outdated.'),
(10,7,'u1','Still my favorite.'),
(11,8,'u2','Interesting comparison.'),
(12,9,'u3','Worldbuilding is insane.'),
(13,10,'u4','Simple but deep.'),
(14,11,'u5','Nice list!'),
(15,12,'u6','Adding to my reading list.'),
(16,13,'u7','Yes, monthly ones.'),
(17,14,'u8','Books always win.'),
(18,15,'u9','Every night before sleep.'),
(19,16,'u10','I use highlights.'),
(20,17,'u1','Good picks.'),
(21,18,'u2','Clean Code is controversial.'),
(22,19,'u3','Hard to choose.'),
(23,20,'u4','Good luck!'),
(24,21,'u5','Power corrupts.'),
(25,22,'u6','Tolkien was a genius.'),
(26,23,'u7','Spice = control.'),
(27,24,'u8','Firemen irony.'),
(28,25,'u9','I hate him 😅'),
(29,26,'u10','Balance matters.'),
(30,27,'u1','Agree.'),
(31,28,'u2','Both scary.'),
(32,29,'u3','Epic journeys work.'),
(33,30,'u4','Satire hits hard.'),
(34,1,'u5','Good discussion.'),
(35,2,'u6','Timeless.'),
(36,3,'u7','One of the best.'),
(37,4,'u8','Very relevant today.'),
(38,5,'u9','Classic debate.'),
(39,6,'u10','I stopped following all rules.'),
(40,7,'u1','Solid advice.');

INSERT OR IGNORE INTO likes (user_id, target_type, target_id, value) VALUES
('u1','post',2,1),
('u2','post',1,1),
('u3','post',1,1),
('u4','post',3,1),
('u5','post',3,1),
('u6','post',6,1),
('u7','post',7,1),
('u8','post',8,1),
('u9','post',9,1),
('u10','post',10,1),
('u1','comment',1,1),
('u2','comment',2,1),
('u3','comment',3,1),
('u4','comment',4,1),
('u5','comment',5,1),
('u6','comment',6,1),
('u7','comment',7,1),
('u8','comment',8,1),
('u9','comment',9,1),
('u10','comment',10,1),
('u1','comment',11,1),
('u2','comment',12,1),
('u3','comment',13,1),
('u4','comment',14,1),
('u5','comment',15,1),
('u6','comment',16,1),
('u7','comment',17,1),
('u8','comment',18,1),
('u9','comment',19,1),
('u10','comment',20,1);
